,stargazers,forks,watchers
commits,0.23667668508270137,0.21468260565552247,0.206367477414879
branches,0.07700159250340637,0.05519877629431131,0.06418139884050306
releases,0.13068185882059485,0.09587995451476687,0.09781134714165642
contributors,0.5298027329434689,0.41087654311731414,0.35193225979671583
size,0.048344187432544795,0.032898836951652306,0.032786857573543285
totalIssues,0.5648579359393447,0.45132717589237514,0.3966110395895762
openIssues,0.4189824774633409,0.31762130368924957,0.29039277587613643
totalPullRequests,0.3041505268400988,0.30236582695754965,0.2380724705039953
openPullRequests,0.2287222356728928,0.20535276905252356,0.14701212174199388
